Region,total,afterschool_true,afterschool_false,afterschool_na,percent_true,percent_false,percent_unknown
Central,19984,15226,3688,1070,76.19095276220976,18.45476381104884,5.354283426741393
Northland,6804,5135,1313,356,75.47031158142269,19.297472075249853,5.232216343327455
Northwest,3946,2927,822,197,74.17638114546376,20.831221490116576,4.9923973644196655
Southern,20368,15312,3951,1105,75.17674783974863,19.398075412411625,5.425176747839749
Southwest,6402,4667,1399,336,72.89909403311465,21.8525460793502,5.248359887535145
Twin Cities,71899,52932,13602,5365,73.61993908121114,18.91820470382064,7.461856214968219
West Central,6044,4605,1172,267,76.19126406353408,19.391131700860356,4.417604235605559
