Region,white,hmong,american_indian
Twin Cities Metro Area,77.95435666506361,66.4578111946533,70.12927054478301
Greater Minnesota,77.72747499371215,64.73429951690821,68.99948159668222
